2016 NFL TV RATINGS,,,,,,,,,,,,,,,,,,,,,,,,,,,,,,,,,,
DH = doubleheader; Single = singleheader,,,,,,,,,,,,,,,,,2016,2016,2015,2015,2014,2014,2013,2013,,,,,,,,,,
Window,Game,Net,Rtg.,+/-,Vwrs.,+/-,Strm.,18-49,Week,,,Week,Rtg.,Vwrs.,,Week,Rtg,Viewers,Rtg,Viewers,Rtg,Viewers,Rtg,Viewers,,,Aggregate Weekly Numbers,,,,,,,
Special,WSH/DAL,FOX,14.5,1%,35.1M,8%,?,11.3,12,,,12,14.5,35.1,,1,10.8,18.7,12.3,20.1,11.2,19.2,11.7,19.4, ,,2016,2016,2015,2015,2014,2014,2013,2013
Special,MIN/DET,CBS,13,6%,27.6M,9%,?,?,12,,,12,13,27.6,,2,10.2,17.6,12.9,19.9,11.4,19.2,9.9,16.2,,Week,Rtg,Viewers,Rtg,Viewers,Rtg,Viewers,Rtg,Viewers
Late DH,CAR/OAK (63%),CBS,13.2,-14%,23.5M,-12%,?,6.9,12,,,12,13.2,23.5,,3,9.8,16.7,11.2,18.0,10.7,17.9,10.2,17.7,,1,10.8,18.7,12.3,20.1,11.2,19.2,11.7,19.4
Special,IND/PIT,NBC,10.1,-27%,20.9M,-25%,?,6.9,12,,,12,10.1,20.9,,4,8.2,13.9,12.5,17.5,10.6,17.7,9.3,15.0,,2,10.2,17.6,12.9,19.9,11.4,19.2,9.9,16.2
SNF,KC/DEN,NBC,10.7,-27%,18.4M,-27%,?,6.2,12,,,12,10.7,18.4,,5,8.8,15.1,11.1,17.4,10.3,17.1,8.3,13.5,,3,9.8,16.7,11.2,18.0,10.7,17.9,10.2,17.7
Single,SEA/TB (39%),FOX,9.8,-20%,16.8M,-18%,?,5.1,12,,,12,9.8,16.8,,6,9.3,15.8,11.2,18.8,10.9,18.0,9.8,16.1,,4,8.2,13.9,12.5,17.5,10.6,17.7,9.3,15.0
MNF,GB/PHI,ESPN,7.8,20%,13.1M,29%,254K,4.2,12,,,12,7.8,13.1,,7,8.2,13.8,10.7,15.4,10.9,18.3,9.0,15.1,,5,8.8,15.1,11.1,17.4,10.3,17.1,8.3,13.5
Early DH,Regional action,CBS,7.6,27%,12.8M,31%,?,3.6,12,,,12,7.6,12.8,,8,7.9,13.4,10.4,17.3,10.3,17.1,3.9,6.0,,6,9.3,15.8,11.2,18.8,10.9,18.0,9.8,16.1
Late DH,PHI/SEA (78%),CBS,13.6,-12%,24.4M,-11%,?,?,11,,,11,13.6,24.4,,9,8.5,14.5,10.2,16.9,9.8,16.4,9.5,15.6,,7,8.2,13.8,10.7,15.4,10.9,18.3,9.0,15.1
SNF,GB/WSH,NBC,10.8,1%,18.7M,4%,?,6.2,11,,,11,10.8,18.7,,10,9.4,16.2,10.1,16.9,9.2,15.2,9.5,15.7,,8,7.9,13.4,10.4,17.3,10.3,17.1,3.9,6.0
Early DH,BAL/DAL (72%),CBS,10.2,26%,17.6M,28%,?,?,11,,,11,10.2,17.6,,11,9.7,16.7,9.6,16.3,9.9,16.6,10.3,17.2,,9,8.5,14.5,10.2,16.9,9.8,16.4,9.5,15.6
Single,CHI/NYG (30%),FOX,8.4,-19%,14.3M,-18%,?,?,11,,,11,8.4,14.3,,12,10.8,21.0,11.9,22.2,10.1,16.8,10.5,17.4,,10,9.4,16.2,10.1,16.9,9.2,15.2,9.5,15.7
TNF**,NO/CAR,"NBC, NFLN",8.1,93%,13.3M,101%,305K,4.2,11,,,11,8.1,13.3,,13,#DIV/0!,#DIV/0!,11.1,18.7,11.9,22.2,11.8,21.5,,11,9.7,16.7,9.6,16.3,9.9,16.6,10.3,17.2
MNF,HOU/OAK (Mexico),ESPN,6.9,-22%,11.8M,-17%,240K,4,11,,,11,6.9,11.8,,14,#DIV/0!,#DIV/0!,10.3,17.3,10.3,16.9,10.0,16.4,,12,10.8,21.0,11.9,22.2,10.1,16.8,10.5,17.4
Late DH,DAL/PIT (92%),FOX,16.4,1%,28.9M,2%,?,?,10,,,10,16.4,28.9,,15,#DIV/0!,#DIV/0!,9.1,15.4,10.5,17.4,9.7,15.8,,13,#DIV/0!,#DIV/0!,11.1,18.7,11.9,22.2,11.8,21.5
SNF,NE/SEA,NBC,12.7,11%,22.5M,16%,189K,7.7,10,,,10,12.7,22.5,,16,#DIV/0!,#DIV/0!,11.8,15.8,9.0,14.9,8.7,14.4,,14,#DIV/0!,#DIV/0!,10.3,17.3,10.3,16.9,10.0,16.4
Early DH,ATL/PHI (44%),FOX,9.4,11%,15.9M,13%,?,?,10,,,10,9.4,15.9,,17,#DIV/0!,#DIV/0!,11.8,20.4,10.8,18.9,11.2,19.5,,15,#DIV/0!,#DIV/0!,9.1,15.4,10.5,17.4,9.7,15.8
Single,Regional action,CBS,7.8,-33%,13.2M,-33%,?,?,10,,,10,7.8,13.2,,,,,,,,,,,,16,#DIV/0!,#DIV/0!,11.8,15.8,9.0,14.9,8.7,14.4
MNF,CIN/NYG,ESPN,6.7,-13%,10.7M,-12%,234K,3.6,10,,,10,6.7,10.7,,,,,,,,,,,,17,#DIV/0!,#DIV/0!,11.8,20.4,10.8,18.9,11.2,19.5
TNF,BAL/CLE,NFLN,3.5,-27%,5.7M,-25%,?,2,10,,,10,3.5,5.7,,,,,,,,,,,,,,,,,,,,
Late DH,IND/GB (87%),CBS,11.7,-18%,20.2M,-16%,?,?,9,,,9,11.7,20.2,,,,,,,,,,,,,,,,,,,,
Single,DAL/CLE (31%),FOX,11.6,-7%,20.2M,-4%,?,?,9,,,9,11.6,20.2,,,,,,,,,,,,,,,,,,,,
SNF,DEN/OAK,NBC,10.4,-24%,18.3M,-20%,?,6.6,9,,,9,10.4,18.3,,,,,,,,,,,,,,,,,,,,
Early DH,Regional action,CBS,6.9,-15%,11.3M,-14%,?,?,9,,,9,6.9,11.3,,,,,,,,,,,,,,,,,,,,
MNF,BUF/SEA,ESPN,6.9,-5%,11.3M,-2%,241K,3.8,9,,,9,6.9,11.3,,,,,,,,,,,,,,,,,,,,
TNF,ATL/TB,NFLN,3.6,-35%,5.8M,-34%,?,2.1,9,,,9,3.6,5.8,,,,,,,,,,,,,,,,,,,,
Late DH,GB/ATL,FOX,13.1,-23%,22.7M,-23%,?,?,8,,,8,13.1,22.7,,,,,,,,,,,,,,,,,,,,
SNF,PHI/DAL,NBC,10.2,-22%,18.0M,-22%,?,6.5,8,,,8,10.2,18,,,,,,,,,,,,,,,,,,,,
Single,Regional action,CBS,9.5,13%,16.2M,15%,?,?,8,,,8,9.5,16.2,,,,,,,,,,,,,,,,,,,,
Early DH,SEA/NO (64%),FOX,7.7,-24%,12.8M,-23%,?,?,8,,,8,7.7,12.8,,,,,,,,,,,,,,,,,,,,
MNF,MIN/CHI,ESPN,6.4,-18%,10.5M,-16%,199K,3.5,8,,,8,6.4,10.5,,,,,,,,,,,,,,,,,,,,
Special,WSH/CIN (London),FOX,5.5,4%,8.7M,4%,?,?,8,,,8,5.5,8.7,,,,,,,,,,,,,,,,,,,,
TNF**,JAX/TEN,NFLN,3.2,-71%,5.1M,-71%,?,1.8,8,,,8,3.2,5.1,,,,,,,,,,,,,,,,,,,,
Late DH,NE/PIT,CBS,12.6,-13%,21.7M,-11%,?,?,7,,,7,12.6,21.7,,,,,,,,,,,,,,,,,,,,
SNF,SEA/AZ,NBC,10.2,-16%,17.7M,-14%,?,6,7,,,7,10.2,17.7,,,,,,,,,,,,,,,,,,,,
Single,MIN/PHI (46%),FOX,10.1,-13%,16.9M,-12%,?,?,7,,,7,10.1,16.9,,,,,,,,,,,,,,,,,,,,
TNF,GB/CHI,"CBS, NFLN",8.6,-18%,14.2M,-17%,?,4.5,7,,,7,8.6,14.2,,,,,,,,,,,,,,,,,,,,
Early DH,Regional action,CBS,7,-11%,11.3M,-9%,?,?,7,,,7,7,11.3,,,,,,,,,,,,,,,,,,,,
MNF,HOU/DEN,ESPN,6.7,-14%,11.2M,-8%,236K,3.7,7,,,7,6.7,11.2,,,,,,,,,,,,,,,,,,,,
Special**,NYG/LA (London),NFLN,2.4,?,3.7M,125%,?,?,7,,,7,2.4,3.7,,,,,,,,,,,,,,,,,,,,
Late DH,DAL/GB (86%),FOX,15.8,9%,28.0M,12%,?,?,6,,,6,15.8,28,,,,,,,,,,,,,,,,,,,,
Single,Regional action,CBS,10.2,-4%,17.2M,-4%,?,?,6,,,6,10.2,17.2,,,,,,,,,,,,,,,,,,,,
TNF,DEN/SD,"CBS, NFLN",8.7,-6%,14.5M,-2%,?,4.7,6,,,6,8.7,14.5,,,,,,,,,,,,,,,,,,,,
SNF,IND/HOU,NBC,8.1,-38%,13.6M,-40%,?,4.9,6,,,6,8.1,13.6,,,,,,,,,,,,,,,,,,,,
Early DH,PHI/WSH (39%),FOX,7.7,-29%,13.2M,-28%,?,?,6,,,6,7.7,13.2,,,,,,,,,,,,,,,,,,,,
MNF,NYJ/AZ,ESPN,5.2,-40%,8.4M,-40%,200K,3,6,,,6,5.2,8.4,,,,,,,,,,,,,,,,,,,,
Late DH,CIN/DAL (80%),CBS,12.1,-20%,21.3M,-18%,?,?,5,,,5,12.1,21.3,,,,,,,,,,,,,,,,,,,,
Single,ATL/DEN (43%),FOX,9.4,-14%,16.5M,-9%,?,?,5,,,5,9.4,16.5,,,,,,,,,,,,,,,,,,,,
SNF**,NYG/GB,NBC,9.3,-21%,16.6M,-15%,?,5.9,5,,,5,9.3,16.6,,,,,,,,,,,,,,,,,,,,
Early DH,Regional action,CBS,9,8%,15.2M,12%,?,?,5,,,5,9,15.2,,,,,,,,,,,,,,,,,,,,
TNF,AZ/SF,"CBS, NFLN",7.4,-22%,12.1M,-20%,?,4.1,5,,,5,7.4,12.1,,,,,,,,,,,,,,,,,,,,
MNF,TB/CAR,ESPN,5.6,-27%,9.1M,-26%,214K,3.3,5,,,5,5.6,9.1,,,,,,,,,,,,,,,,,,,,
Late DH,DAL/SF (84%),FOX,13.1,-13%,22.7M,-12%,?,?,4,,,4,13.1,22.7,,,,,,,,,,,,,,,,,,,,
SNF,KC/PIT,NBC,10.3,-27%,18.1M,-25%,116K,6.7,4,,,4,10.3,18.1,,,,,,,,,,,,,,,,,,,,
Single,Regional action,CBS,9.4,-2%,16.4M,4%,?,?,4,,,4,9.4,16.4,,,,,,,,,,,,,,,,,,,,
MNF,NYG/MIN,ESPN,8,-11%,13.2M,-9%,262K,4.7,4,,,4,8,13.2,,,,,,,,,,,,,,,,,,,,
Early DH,SEA/NYJ (43%),FOX,6.7,-14%,11.2M,-13%,?,?,4,,,4,6.7,11.2,,,,,,,,,,,,,,,,,,,,
TNF**,MIA/CIN,NFLN,4.8,-59%,7.9M,-59%,?,3,4,,,4,4.8,7.9,,,,,,,,,,,,,,,,,,,,
Special,IND/JAX (London),CBS,4.8,-25%,7.7M,-22%,?,?,4,,,4,4.8,7.7,,,,,,,,,,,,,,,,,,,,
Late DH,PIT/PHI (52%),CBS,12.6,-2%,22.0M,-1%,?,7.1,3,,,3,12.6,22,,,,,,,,,,,,,,,,,,,,
SNF,CHI/DAL,NBC,11.7,-11%,20.6M,-7%,125K,7.6,3,,,3,11.7,20.6,,,,,,,,,,,,,,,,,,,,
Single,WSH/NYG (31%),FOX,11.1,3%,19.2M,5%,?,?,3,,,3,11.1,19.2,,,,,,,,,,,,,,,,,,,,
TNF,HOU/NE,"CBS, NFLN",10.6,1%,17.5M,4%,398K,6.1,3,,,3,10.6,17.5,,,,,,,,,,,,,,,,,,,,
Early DH,Regional action,CBS,8,-13%,13.1M,-13%,?,?,3,,,3,8,13.1,,,,,,,,,,,,,,,,,,,,
MNF**,ATL/NO,ESPN,4.9,-41%,8.0M,-40%,209K,3.1,3,,,3,4.9,8,,,,,,,,,,,,,,,,,,,,
SNF,GB/MIN,NBC,12.7,-16%,22.8M,-14%,202K,8.2,2,,,2,12.7,22.8,,,,,,,,,,,,,,,,,,,,
Late DH,IND/DEN (74%),CBS,12.2,-21%,21.4M,-21%,?,7,2,,,2,12.2,21.4,,,,,,,,,,,,,,,,,,,,
Single,DAL/WSH (36%),FOX,11,12%,19.2M,15%,?,?,2,,,2,11,19.2,,,,,,,,,,,,,,,,,,,,
TNF,NYJ/BUF,"CBS, NFLN",9.5,-26%,15.4M,-27%,314K,5.4,2,,,2,9.5,15.4,,,,,,,,,,,,,,,,,,,,
Early DH,Regional action,CBS,8.5,-8%,14.4M,-6%,?,?,2,,,2,8.5,14.4,,,,,,,,,,,,,,,,,,,,
MNF,PHI/CHI,ESPN,7.3,-10%,12.1M,-3%,295K,4.5,2,,,2,7.3,12.1,,,,,,,,,,,,,,,,,,,,
Late DH,NYG/DAL (90%),FOX,15.5,15%,27.5M,18%,?,?,1,,,1,15.5,27.5,,,,,,,,,,,,,,,,,,,,
Kickoff,CAR/DEN,NBC,14.6,-10%,25.2M,-8%,278K,9.4,1,,,1,14.6,25.2,,,,,,,,,,,,,,,,,,,,
SNF,NE/AZ,NBC,13.1,-15%,23.1M,-14%,196K,8.4,1,,,1,13.1,23.1,,,,,,,,,,,,,,,,,,,,
Single,Regional action,CBS,9.3,-20%,16.0M,-20%,?,?,1,,,1,9.3,16,,,,,,,,,,,,,,,,,,,,
Early DH,GB/JAX (34%),FOX,9.2,2%,15.8M,6%,?,?,1,,,1,9.2,15.8,,,,,,,,,,,,,,,,,,,,
MNF,PIT/WSH,ESPN,7.7,-9%,13.0M,-4%,306K,4.8,1,,,1,7.7,13,,,,,,,,,,,,,,,,,,,,
MNF,LA/SF,ESPN,6.2,-30%,10.3M,-28%,308K,4.2,1,,,1,6.2,10.3,,,,,,,,,,,,,,,,,,,,
,,,,,,,,,,,,,,,,,,,,,,,,,,,,,,,,,,
Window/Game,Net,Rtg.,+/-,Vwrs.,+/-,,,,,,,,,,,,,,,,,,,,,,,,,,,,,
Steelers/Patriots,NBC,16.2,3%,27.4M,1%,1,,,,,,Week,Rtg,,,,,,,,,,,,,,,,,,,,,
Giants/Cowboys,NBC,15.4,10%,26.8M,12%,1,,,,,,1,16.2,27.4,#DIV/0!,,,,,,,,,,,,,,,,,,,
Ravens/Broncos (80%),CBS,13.5,-14%,23.3M,-17%,1,,,,,,1,15.4,26.8,,,,,,,,,,,,,,,,,,,,
Packers/Bears (47%),FOX,11.6,17%,20.1M,22%,1,,,,,,1,13.5,23.3,,,,,,,,,,,,,,,,,,,,
Regional action,CBS,?,?,14.9M,6%,1,,,,,,1,11.6,20.1,,,,,,,,,,,,,,,,,,,,
Vikings/49ers,ESPN,8.8,24%,14.3M,24%,1,,,,,,1,?,14.9,,,,,,,,,,,,,,,,,,,,
Eagles/Falcons,ESPN,8.5,1%,13.6M,-1%,1,,,,,,1,8.8,14.3,,,,,,,,,,,,,,,,,,,,
Cowboys/Eagles,FOX,15.5,8%,27.2M,9%,2,,,,,,1,8.5,13.6,,,,,,,,,,,,,,,,,,,,
Seahawks/Packers,NBC,15.1,17%,26.4M,19%,2,,,,,,2,15.5,27.2,,,,,,,,,,,,,,,,,,,,
Broncos/Chiefs,"CBS, NFLN",12.9,2%,21.1M,2%,2,,,,,,2,15.1,26.4,,,,,,,,,,,,,,,,,,,,
Regional action,CBS,?,?,16.7M,-14%,2,,,,,,2,12.9,21.1,,,,,,,,,,,,,,,,,,,,
Falcons/Giants (32%),FOX,?,?,15.3M,17%,2,,,,,,2,?,16.7,,,,,,,,,,,,,,,,,,,,
Jets/Colts,ESPN,8.1,-12%,12.5M,-16%,2,,,,,,2,?,15.3,,,,,,,,,,,,,,,,,,,,
Bears/Seahawks (76%),CBS,12.9,-18%,22.1M,-19%,3,,,,,,2,8.1,12.5,,,,,,,,,,,,,,,,,,,,
Broncos/Lions,NBC,13.1,10%,22.1M,11%,3,,,,,,3,12.9,22.1,,,,,,,,,,,,,,,,,,,,
Falcons/Cowboys (46%),FOX,?,?,18.3M,-11%,3,,,,,,3,13.1,22.1,,,,,,,,,,,,,,,,,,,,
Wash./Giants,"CBS, NFLN",10.5,40%,16.9M,42%,3,,,,,,3,?,18.3,,,,,,,,,,,,,,,,,,,,
Regional action,CBS,?,?,15.1M,4%,3,,,,,,3,10.5,16.9,,,,,,,,,,,,,,,,,,,,
Chiefs/Packers,ESPN,8.3,-1%,13.5M,2%,3,,,,,,3,?,15.1,,,,,,,,,,,,,,,,,,,,
Packers/49ers (57%),FOX,15,even,25.9M,even,4,,,,,,3,8.3,13.5,,,,,,,,,,,,,,,,,,,,
Cowboys/Saints,NBC,14.1,4%,24.2M,5%,4,,,,,,4,15,25.9,,,,,,,,,,,,,,,,,,,,
Ravens/Steelers,"CBS, NFLN",11.8,16%,19.4M,19%,4,,,,,,4,14.1,24.2,,,,,,,,,,,,,,,,,,,,
Regional action,CBS,?,?,15.8M,34%,4,,,,,,4,11.8,19.4,,,,,,,,,,,,,,,,,,,,
Lions/Seahawks,ESPN,9,2%,14.4M,even,4,,,,,,4,?,15.8,,,,,,,,,,,,,,,,,,,,
Giants/Bills (68%),FOX,?,?,12.8M,-15%,4,,,,,,4,9,14.4,,,,,,,,,,,,,,,,,,,,
Jets/Dolphins,CBS,?,?,9.9M,no gm.,4,,,,,,4,?,12.8,,,,,,,,,,,,,,,,,,,,
Patriots/Cowboys (81%),CBS,15.2,32%,26.1M,33%,5,,,,,,4,?,9.9,,,,,,,,,,,,,,,,,,,,
49ers/Giants,NBC,11.8,1%,19.6M,1%,5,,,,,,5,15.2,26.1,,,,,,,,,,,,,,,,,,,,
Seahawks/Bengals (39%),FOX,?,?,18.0M,-7%,5,,,,,,5,11.8,19.6,,,,,,,,,,,,,,,,,,,,
Colts/Texans,"CBS, NFLN",9.5,-3%,15.1M,-9%,5,,,,,,5,?,18,,,,,,,,,,,,,,,,,,,,
Regional action,CBS,?,?,13.6M,-7%,5,,,,,,5,9.5,15.1,,,,,,,,,,,,,,,,,,,,
Steelers/Chargers,ESPN,7.7,-6%,12.2M,-7%,5,,,,,,5,?,13.6,,,,,,,,,,,,,,,,,,,,
Chargers/Packers (81%),CBS,14.5,-17%,25.0M,-17%,6,,,,,,5,7.7,12.2,,,,,,,,,,,,,,,,,,,,
Patriots/Colts,NBC,13.1,21%,22.8M,26%,6,,,,,,6,14.5,25,,,,,,,,,,,,,,,,,,,,
Regional action,CBS,10.9,14%,18.3M,14%,6,,,,,,6,13.1,22.8,,,,,,,,,,,,,,,,,,,,
Panthers/Seahawks (38%),FOX,10.6,13%,17.9M,16%,6,,,,,,6,10.9,18.3,,,,,,,,,,,,,,,,,,,,
Falcons/Saints,"CBS, NFLN",9.3,-7%,14.8M,-7%,6,,,,,,6,10.6,17.9,,,,,,,,,,,,,,,,,,,,
Giants/Eagles,ESPN,8.7,10%,13.9M,9%,6,,,,,,6,9.3,14.8,,,,,,,,,,,,,,,,,,,,
Cowboys/Giants,FOX,14.4,-8%,24.5M,-9%,7,,,,,,6,8.7,13.9,,,,,,,,,,,,,,,,,,,,
Eagles/Panthers,NBC,12.2,-12%,20.6M,-13%,7,,,,,,7,14.4,24.5,,,,,,,,,,,,,,,,,,,,
Regional action,CBS,11.6,26%,19.2M,25%,7,,,,,,7,12.2,20.6,,,,,,,,,,,,,,,,,,,,
Seahawks/49ers,"CBS, NFLN",10.5,4%,17.1M,6%,7,,,,,,7,11.6,19.2,,,,,,,,,,,,,,,,,,,,
Saints/Colts (56%),FOX,7.9,-7%,12.5M,-12%,7,,,,,,7,10.5,17.1,,,,,,,,,,,,,,,,,,,,
Ravens/Cardinals,ESPN,7.8,-4%,12.2M,-8%,7,,,,,,7,7.9,12.5,,,,,,,,,,,,,,,,,,,,
Bills/Jaguars,Yahoo!,none,no gm.,1.6M,no gm.,7,,,,,,7,7.8,12.2,,,,,,,,,,,,,,,,,,,,
Seahawks/Cowboys,FOX,17,39%,29.4M,42%,8,,,,,,7,none,1.6,,,,,,,,,,,,,,,,,,,,
Packers/Broncos,NBC,13,19%,23.0M,22%,8,,,,,,8,17,29.4,,,,,,,,,,,,,,,,,,,,
Dolphins/Patriots,"CBS, NFLN",10.9,-11%,17.5M,-13%,8,,,,,,8,13,23,,,,,,,,,,,,,,,,,,,,
Giants/Saints (46%),FOX,10.1,15%,16.6M,17%,8,,,,,,8,10.9,17.5,,,,,,,,,,,,,,,,,,,,
Regional action,CBS,8.4,-24%,14.1M,-23%,8,,,,,,8,10.1,16.6,,,,,,,,,,,,,,,,,,,,
Colts/Panthers,ESPN,7.8,-32%,12.4M,-34%,8,,,,,,8,8.4,14.1,,,,,,,,,,,,,,,,,,,,
Lions/Chiefs,FOX,5.3,-4%,8.4M,-1%,8,,,,,,8,7.8,12.4,,,,,,,,,,,,,,,,,,,,
Broncos/Colts,CBS,14.3,-15%,24.0M,-18%,9,,,,,,8,5.3,8.4,,,,,,,,,,,,,,,,,,,,
Eagles/Cowboys,NBC,13.6,23%,23.0M,24%,9,,,,,,9,14.3,24,,,,,,,,,,,,,,,,,,,,
Packers/Panthers (56%),FOX,12.5,-5%,20.9M,-6%,9,,,,,,9,13.6,23,,,,,,,,,,,,,,,,,,,,
Regional action,CBS,8.1,40%,13.2M,42%,9,,,,,,9,12.5,20.9,,,,,,,,,,,,,,,,,,,,
Bears/Chargers,ESPN,7.3,-6%,11.4M,-7%,9,,,,,,9,8.1,13.2,,,,,,,,,,,,,,,,,,,,
Browns/Bengals,NFLN,5.5,31%,8.8M,28%,9,,,,,,9,7.3,11.4,,,,,,,,,,,,,,,,,,,,
Patriots/Giants (66%),CBS,16.3,21%,28.3M,25%,10,,,,,,9,5.5,8.8,,,,,,,,,,,,,,,,,,,,
Vikings/Raiders (27%),FOX,11.6,9%,19.6M,13%,10,,,,,,10,16.3,28.3,,,,,,,,,,,,,,,,,,,,
Cardinals/Seahawks,NBC,11.4,8%,19.4M,7%,10,,,,,,10,11.6,19.6,,,,,,,,,,,,,,,,,,,,
Regional action,CBS,8.5,4%,14.2M,5%,10,,,,,,10,11.4,19.4,,,,,,,,,,,,,,,,,,,,
Texans/Bengals,ESPN,7.7,7%,12.2M,8%,10,,,,,,10,8.5,14.2,,,,,,,,,,,,,,,,,,,,
Bills/Jets,NFLN,4.8,-8%,7.6M,-9%,10,,,,,,10,7.7,12.2,,,,,,,,,,,,,,,,,,,,
Packers/Vikings (89%),FOX,15.5,3%,27.5M,4%,11,,,,,,10,4.8,7.6,,,,,,,,,,,,,,,,,,,,
Bengals/Cardinals,NBC,10.7,-14%,18.0M,-14%,11,,,,,,11,15.5,27.5,,,,,,,,,,,,,,,,,,,,
Regional action,CBS,10.4,-3%,17.4M,-3%,11,,,,,,11,10.7,18,,,,,,,,,,,,,,,,,,,,
Bills/Patriots,ESPN,8.9,10%,14.3M,12%,11,,,,,,11,10.4,17.4,,,,,,,,,,,,,,,,,,,,
Wash./Panthers (66%),FOX,8.1,-2%,13.7M,-1%,11,,,,,,11,8.9,14.3,,,,,,,,,,,,,,,,,,,,
Titans/Jaguars,NFLN,4.2,-14%,6.6M,-15%,11,,,,,,11,8.1,13.7,,,,,,,,,,,,,,,,,,,,
Panthers/Cowboys,CBS,14.3,1%,32.5M,1%,12,,,,,,11,4.2,6.6,,,,,,,,,,,,,,,,,,,,
Bears/Packers,NBC,13.8,21%,27.8M,21%,12,,,,,,12,14.3,32.5,,,,,,,,,,,,,,,,,,,,
Steelers/Seahawks,CBS,15.4,-1%,26.6M,1%,12,,,,,,12,13.8,27.8,,,,,,,,,,,,,,,,,,,,
Eagles/Lions,FOX,12.3,-10%,25.4M,-14%,12,,,,,,12,15.4,26.6,,,,,,,,,,,,,,,,,,,,
Patriots/Broncos,NBC,14.6,11%,25.2M,13%,12,,,,,,12,12.3,25.4,,,,,,,,,,,,,,,,,,,,
Giants/Wash. (32%),FOX,12.3,1%,20.5M,-1%,12,,,,,,12,14.6,25.2,,,,,,,,,,,,,,,,,,,,
Ravens/Browns,ESPN,6.5,-3%,10.1M,-7%,12,,,,,,12,12.3,20.5,,,,,,,,,,,,,,,,,,,,
Regional action,CBS,6,-28%,9.8M,-25%,12,,,,,,12,6.5,10.1,,,,,,,,,,,,,,,,,,,,
Panthers/Saints (61%),FOX,16.3,-7%,28.6M,-7%,13,,,,,,12,6,9.8,,,,,,,,,,,,,,,,,,,,
Colts/Steelers,NBC,11.1,-11%,19.2M,-9%,13,,,,,,13,16.3,28.6,,,,,,,,,,,,,,,,,,,,
Packers/Lions,"CBS, NFLN",11,no gm.,17.8M,no gm.,13,,,,,,13,11.1,19.2,,,,,,,,,,,,,,,,,,,,
Jets/Giants (39%),CBS,10.2,6%,17.2M,10%,13,,,,,,13,11,17.8,,,,,,,,,,,,,,,,,,,,
Seahawks/Vikings (42%),FOX,9.4,13%,15.4M,13%,13,,,,,,13,10.2,17.2,,,,,,,,,,,,,,,,,,,,
Cowboys/Wash.,ESPN,8.7,18%,14.2M,20%,13,,,,,,13,9.4,15.4,,,,,,,,,,,,,,,,,,,,
Cowboys/Packers,FOX,16.5,6%,28.9M,11%,14,,,,,,13,8.7,14.2,,,,,,,,,,,,,,,,,,,,
Patriots/Texans,NBC,12.3,-4%,21.0M,-1%,14,,,,,,14,16.5,28.9,,,,,,,,,,,,,,,,,,,,
Regional action,CBS,10.9,3%,18.6M,6%,14,,,,,,14,12.3,21,,,,,,,,,,,,,,,,,,,,
Falcons/Panthers (34%),FOX,8.9,3%,15.2M,11%,14,,,,,,14,10.9,18.6,,,,,,,,,,,,,,,,,,,,
Giants/Dolphins,ESPN,7.4,-13%,11.5M,-17%,14,,,,,,14,8.9,15.2,,,,,,,,,,,,,,,,,,,,
Vikings/Cardinals,NFLN,5.5,even,8.7M,-4%,14,,,,,,14,7.4,11.5,,,,,,,,,,,,,,,,,,,,
Broncos/Steelers (86%),CBS,14.5,-8%,25.0M,-6%,15,,,,,,14,5.5,8.7,,,,,,,,,,,,,,,,,,,,
Panthers/Giants (52%),FOX,14.5,31%,25.0M,34%,15,,,,,,15,14.5,25,,,,,,,,,,,,,,,,,,,,
Cardinals/Eagles,NBC,10.5,-27%,18.1M,-25%,15,,,,,,15,14.5,25,,,,,,,,,,,,,,,,,,,,
Lions/Saints,ESPN,6.7,-6%,10.9M,-2%,15,,,,,,15,10.5,18.1,,,,,,,,,,,,,,,,,,,,
Jets/Cowboys,NFLN,4.3,?,7.4M,?,15,,,,,,15,6.7,10.9,,,,,,,,,,,,,,,,,,,,
Buccaneers/Rams,NFLN,3.8,-19%,6.0M,-22%,15,,,,,,15,4.3,7.4,,,,,,,,,,,,,,,,,,,,
Packers/Cardinals (92%),FOX,15.5,2%,27.8M,7%,16,,,,,,15,3.8,6,,,,,,,,,,,,,,,,,,,,
Vikings/Giants,NBC,10.4,-10%,17.9M,-7%,16,,,,,,16,15.5,27.8,,,,,,,,,,,,,,,,,,,,
Regional action,CBS,?,?,17.6M,9%,16,,,,,,16,10.4,17.9,,,,,,,,,,,,,,,,,,,,
Panthers/Falcons (54%),FOX,?,?,16.2M,-1%,16,,,,,,16,?,17.6,,,,,,,,,,,,,,,,,,,,
Bengals/Broncos,ESPN,9.4,-3%,15.8M,-1%,16,,,,,,16,?,16.2,,,,,,,,,,,,,,,,,,,,
Washington/Eagles,NFLN,?,?,8.1M,14%,16,,,,,,16,9.4,15.8,,,,,,,,,,,,,,,,,,,,
Chargers/Raiders,NFLN,?,?,7.1M,46%,16,,,,,,16,?,8.1,,,,,,,,,,,,,,,,,,,,
Vikings/Packers,NBC,13.8,15%,24.3M,17%,17,,,,,,16,?,7.1,,,,,,,,,,,,,,,,,,,,
Seahawks/Cardinals (51%),FOX,12,-23%,20.9M,-27%,17,,,,,,17,13.8,24.3,,,,,,,,,,,,,,,,,,,,
Regional action,CBS,11.2,14%,18.6M,13%,17,,,,,,17,12,20.9,,,,,,,,,,,,,,,,,,,,
Regional action,CBS,10.3,63%,17.6M,64%,17,,,,,,17,11.2,18.6,,,,,,,,,,,,,,,,,,,,
,,,,,,,,,,,,17,10.3,17.6,,,,,,,,,,,,,,,,,,,,
Window,Featured Game,Net,Rtg.,+/-,Vwrs.,+/-,Week,13rtg,13vr,,,,,,,,,,,,,,,,,,,,,,,,,
Kickoff,Packers/Seahawks,NBC,15.5,4%,26.91,7%,1,14.88,25.0263,,,Week,Rtg.,Vwrs.,,,,,,,,,,,,,,,,,,,,
National,49ers/Cowboys (89%),FOX,15.7,-5%,28,-2%,1,16.485,28.56,,,1,15.5,26.91,,,,,,,,,,,,,,,,,,,,
SNF,Colts/Broncos,NBC,13.9,-8%,23.69,-7%,1,15.012,25.3483,,,1,15.7,28,,,,,,,,,,,,,,,,,,,,
Single,Regional action,CBS,9.9,4%,16.5,6%,1,9.504,15.51,,,1,13.9,23.69,,,,,,,,,,,,,,,,,,,,
Regional,Saints/Falcons (49%),FOX,8.2,-8%,14.1,-4%,1,8.856,14.664,,,1,9.9,16.5,,,,,,,,,,,,,,,,,,,,
MNF,Giants/Lions,ESPN,8.4,-17%,13.73,-17%,1,9.828,16.0641,,,1,8.2,14.1,,,,,,,,,,,,,,,,,,,,
MNF,Cardinals/Chargers,ESPN,7.1,0%,11.52,5%,1,7.1,10.944,,,1,8.4,13.73,,,,,,,,,,,,,,,,,,,,
TNF,Steelers/Ravens,"CBS, NFLN",12.7,84%,20.77,89%,2,2.032,2.2847,,,1,7.1,11.52,,,,,,,,,,,,,,,,,,,,
National,Chiefs/Broncos (56%),CBS,14.4,-9%,24.94,-6%,2,15.696,26.4364,,,2,12.7,20.77,,,,,,,,,,,,,,,,,,,,
SNF,Bears/49ers,NBC,12.9,6%,22.16,8%,2,12.126,20.3872,,,2,14.4,24.94,,,,,,,,,,,,,,,,,,,,
Single,Seahawks/Chargers (25%),FOX,11.3,-12%,19.41,-11%,2,12.656,21.5451,,,2,12.9,22.16,,,,,,,,,,,,,,,,,,,,
Regional,Regional action,CBS,7.8,-2%,13.12,5%,2,7.956,12.464,,,2,11.3,19.41,,,,,,,,,,,,,,,,,,,,
MNF,Eagles/Colts,ESPN,9.2,1%,14.89,4%,2,9.108,14.2944,,,2,7.8,13.12,,,,,,,,,,,,,,,,,,,,
TNF,Buccaneers/Falcons,"CBS, NFLN",7.5,7%,11.88,7%,3,6.975,11.0484,,,2,9.2,14.89,,,,,,,,,,,,,,,,,,,,
National,Broncos/Seahawks (89%),CBS,15.8,3%,27.29,7%,3,15.326,25.3797,,,3,7.5,11.88,,,,,,,,,,,,,,,,,,,,
Single,49ers/Cardinals (27%),FOX,11.8,-6%,20.56,-2%,3,12.508,20.9712,,,3,15.8,27.29,,,,,,,,,,,,,,,,,,,,
SNF,Steelers/Panthers,NBC,11.8,-3%,19.67,-4%,3,12.154,20.4568,,,3,11.8,20.56,,,,,,,,,,,,,,,,,,,,
Regional,Regional action,CBS,8.7,42%,14.54,0%,3,5.046,14.54,,,3,11.8,19.67,,,,,,,,,,,,,,,,,,,,
MNF,Bears/Jets,ESPN,8.4,-6%,13.27,-5%,3,8.904,13.9335,,,3,8.7,14.54,,,,,,,,,,,,,,,,,,,,
TNF,Giants/Washington,"CBS, NFLN",10.2,92%,16.3,96%,4,0.816,0.652,,,3,8.4,13.27,,,,,,,,,,,,,,,,,,,,
National,Eagles/49ers (88%),FOX,15,-7%,25.82,-4%,4,16.05,26.8528,,,4,10.2,16.3,,,,,,,,,,,,,,,,,,,,
SNF,Saints/Cowboys,NBC,13.3,6%,22.68,11%,4,12.502,20.1852,,,4,15,25.82,,,,,,,,,,,,,,,,,,,,
Regional,Packers/Bears (65%),FOX,9.1,-3%,15.08,-1%,4,9.373,15.2308,,,4,13.3,22.68,,,,,,,,,,,,,,,,,,,,
Single,Regional action,CBS,7.4,-10%,11.83,-11%,4,8.14,13.1313,,,4,9.1,15.08,,,,,,,,,,,,,,,,,,,,
MNF,Patriots/Chiefs,ESPN,8.8,2%,14.43,5%,4,8.624,13.7085,,,4,7.4,11.83,,,,,,,,,,,,,,,,,,,,
TNF,Vikings/Packers,"CBS, NFLN",9.8,113%,16.54,117%,5,-1.274,-2.8118,,,4,8.8,14.43,,,,,,,,,,,,,,,,,,,,
SNF,Patriots/Bengals,NBC,11.7,13%,19.39,10%,5,10.179,17.451,,,5,9.8,16.54,,,,,,,,,,,,,,,,,,,,
National,Chiefs/49ers (54%),CBS,11.5,-31%,19.65,-31%,5,15.065,25.7415,,,5,11.7,19.39,,,,,,,,,,,,,,,,,,,,
Single,Cardinals/Broncos (37%),FOX,11.5,-2%,19.34,-1%,5,11.73,19.5334,,,5,11.5,19.65,,,,,,,,,,,,,,,,,,,,
Regional,Regional action,CBS,8.8,26%,14.67,31%,5,6.512,10.1223,,,5,11.5,19.34,,,,,,,,,,,,,,,,,,,,
MNF,Seahawks/Wash.,ESPN,8.2,9%,13.12,15%,5,7.462,11.152,,,5,8.8,14.67,,,,,,,,,,,,,,,,,,,,
TNF,Colts/Texans,"CBS, NFLN",10,69%,15.85,69%,6,3.1,4.9135,,,5,8.2,13.12,,,,,,,,,,,,,,,,,,,,
National,Cowboys/Seahawks (69%),FOX,17.4,10%,30.02,12%,6,15.66,26.4176,,,6,10,15.85,,,,,,,,,,,,,,,,,,,,
SNF,Giants/Eagles,NBC,10.8,-15%,18.09,-18%,6,12.42,21.3462,,,6,17.4,30.02,,,,,,,,,,,,,,,,,,,,
Regional,Patriots/Dolphins (46%),FOX,9.6,-2%,16.13,-2%,6,9.792,16.4526,,,6,10.8,18.09,,,,,,,,,,,,,,,,,,,,
Single,Regional action,CBS,9.4,-5%,15.37,0%,6,9.87,15.37,,,6,9.6,16.13,,,,,,,,,,,,,,,,,,,,
MNF,49ers/Rams,ESPN,7.9,3%,12.71,6%,6,7.663,11.9474,,,6,9.4,15.37,,,,,,,,,,,,,,,,,,,,
TNF,Jets/Patriots,"CBS, NFLN",10.1,140%,16.09,137%,7,-4.04,-5.9533,,,6,7.9,12.71,,,,,,,,,,,,,,,,,,,,
National,Giants/Cowboys (92%),FOX,15.6,5%,26.98,7%,7,14.82,25.0914,,,7,10.1,16.09,,,,,,,,,,,,,,,,,,,,
SNF,49ers/Broncos,NBC,13.8,-13%,23.79,-12%,7,15.594,26.6448,,,7,15.6,26.98,,,,,,,,,,,,,,,,,,,,
Single,Regional action,CBS,9.2,-15%,15.35,-16%,7,10.58,17.806,,,7,13.8,23.79,,,,,,,,,,,,,,,,,,,,
Regional,Panthers/Packers (55%),FOX,8.5,-3%,14.2,2%,7,8.755,13.916,,,7,9.2,15.35,,,,,,,,,,,,,,,,,,,,
MNF,Steelers/Texans,ESPN,8.1,-4%,13.28,0%,7,8.424,13.28,,,7,8.5,14.2,,,,,,,,,,,,,,,,,,,,
TNF,Chargers/Broncos,"CBS, NFLN",12.3,297%,20.22,312%,8,-24.231,-42.8664,,,7,8.1,13.28,,,,,,,,,,,,,,,,,,,,
National,Colts/Steelers (89%),CBS,12.2,-20%,20.75,-19%,8,14.64,24.6925,,,8,12.3,20.22,,,,,,,,,,,,,,,,,,,,
Single,Eagles/Cardinals (44%),FOX,11,18%,18.35,21%,8,9.02,14.4965,,,8,12.2,20.75,,,,,,,,,,,,,,,,,,,,
SNF,Packers/Saints,NBC,10.9,11%,18.8,11%,8,9.701,16.732,,,8,11,18.35,,,,,,,,,,,,,,,,,,,,
Regional,Regional action,CBS,8.8,-9%,14.14,-9%,8,9.592,15.4126,,,8,10.9,18.8,,,,,,,,,,,,,,,,,,,,
Special,Lions/Falcons,FOX,5.5,0%,8.53,0%,8,5.5,8.53,,,8,8.8,14.14,,,,,,,,,,,,,,,,,,,,
MNF,Washington/Cowboys,ESPN,11.4,70%,18.81,75%,8,3.42,4.7025,,,8,5.5,8.53,,,,,,,,,,,,,,,,,,,,
TNF,Saints/Panthers,NFLN,4.2,8%,6.88,6%,9,3.864,6.4672,,,8,11.4,18.81,,,,,,,,,,,,,,,,,,,,
National,Broncos/Patriots (92%),CBS,16.8,17%,29.09,21%,9,13.944,22.9811,,,9,4.2,6.88,,,,,,,,,,,,,,,,,,,,
Single,Cardinals/Cowboys (63%),FOX,13.2,11%,22.27,11%,9,11.748,19.8203,,,9,16.8,29.09,,,,,,,,,,,,,,,,,,,,
SNF,Ravens/Steelers,NBC,11.1,7%,18.6,9%,9,10.323,16.926,,,9,13.2,22.27,,,,,,,,,,,,,,,,,,,,
Regional,Regional action,CBS,5.8,-32%,9.26,-33%,9,7.656,12.3158,,,9,11.1,18.6,,,,,,,,,,,,,,,,,,,,
MNF,Giants/Colts,ESPN,7.8,-23%,12.36,-23%,9,9.594,15.2028,,,9,5.8,9.26,,,,,,,,,,,,,,,,,,,,
TNF,Browns/Bengals,NFLN,5.2,30%,8.31,28%,10,3.64,5.9832,,,9,7.8,12.36,,,,,,,,,,,,,,,,,,,,
National,Giants/Seahawks (86%),FOX,13.5,-5%,22.72,-6%,10,14.175,24.0832,,,10,5.2,8.31,,,,,,,,,,,,,,,,,,,,
SNF,Bears/Packers,NBC,10.6,-14%,18.13,-14%,10,12.084,20.6682,,,10,13.5,22.72,,,,,,,,,,,,,,,,,,,,
Single,Regional action,CBS,10.6,-13%,17.4,-14%,10,11.978,19.836,,,10,10.6,18.13,,,,,,,,,,,,,,,,,,,,
Regional,49ers/Saints (63%),FOX,8.2,3%,13.45,6%,10,7.954,12.643,,,10,10.6,17.4,,,,,,,,,,,,,,,,,,,,
MNF,Panthers/Eagles,ESPN,7.2,1%,11.31,3%,10,7.128,10.9707,,,10,8.2,13.45,,,,,,,,,,,,,,,,,,,,
TNF,Bills/Dolphins,NFLN,4.8,20%,7.79,21%,11,3.84,6.1541,,,10,7.2,11.31,,,,,,,,,,,,,,,,,,,,
National,Eagles/Packers (84%),FOX,15.1,-3%,26.5,-2%,11,15.553,27.03,,,11,4.8,7.79,,,,,,,,,,,,,,,,,,,,
SNF,Patriots/Colts,NBC,12.4,-20%,20.82,-23%,11,14.88,25.6086,,,11,15.1,26.5,,,,,,,,,,,,,,,,,,,,
Single,Regional action,CBS,10.7,20%,17.94,21%,11,8.56,14.1726,,,11,12.4,20.82,,,,,,,,,,,,,,,,,,,,
Regional,Seahawks/Chiefs (49%),FOX,8.3,-10%,13.92,-9%,11,9.13,15.1728,,,11,10.7,17.94,,,,,,,,,,,,,,,,,,,,
MNF,Steelers/Titans,ESPN,8.1,-18%,12.77,-19%,11,9.558,15.1963,,,11,8.3,13.92,,,,,,,,,,,,,,,,,,,,
TNF,Chiefs/Raiders,NFLN,4.7,0%,7.65,0%,12,4.7,7.65,,,11,8.1,12.77,,,,,,,,,,,,,,,,,,,,
National,Dolphins/Broncos (83%),CBS,15.5,-5%,26.38,-6%,12,16.275,27.9628,,,12,4.7,7.65,,,,,,,,,,,,,,,,,,,,
SNF,Cowboys/Giants,NBC,13.1,-16%,22.38,-15%,12,15.196,25.737,,,12,15.5,26.38,,,,,,,,,,,,,,,,,,,,
Single,Lions/Patriots (48%),FOX,12.2,20%,20.68,23%,12,9.76,15.9236,,,12,13.1,22.38,,,,,,,,,,,,,,,,,,,,
Regional,Regional action,CBS,8.3,-7%,13.03,-12%,12,8.881,14.5936,,,12,12.2,20.68,,,,,,,,,,,,,,,,,,,,
MNF,Ravens/Saints,ESPN,6.7,-18%,10.87,-17%,12,7.906,12.7179,,,12,8.3,13.03,,,,,,,,,,,,,,,,,,,,
Special,Eagles/Cowboys,FOX,14.2,-1%,32.03,1%,13,14.342,31.7097,,,12,6.7,10.87,,,,,,,,,,,,,,,,,,,,
Special,Bears/Lions,CBS,14.2,6%,29.41,4%,13,13.348,28.2336,,,13,14.2,32.03,,,,,,,,,,,,,,,,,,,,
Special,Seahawks/49ers,NBC,11.4,4%,22.85,8%,13,10.944,21.022,,,13,14.2,29.41,,,,,,,,,,,,,,,,,,,,
National,Patriots/Packers (98%),CBS,17.6,5%,30.88,10%,13,16.72,27.792,,,13,11.4,22.85,,,,,,,,,,,,,,,,,,,,
SNF,Broncos/Chiefs,NBC,12.5,16%,21.11,19%,13,10.5,17.0991,,,13,17.6,30.88,,,,,,,,,,,,,,,,,,,,
Single,Saints/Steelers (46%),FOX,9.6,-3%,15.68,-5%,13,9.888,16.464,,,13,12.5,21.11,,,,,,,,,,,,,,,,,,,,
Regional,Regional action,CBS,8.3,-16%,13.59,-14%,13,9.628,15.4926,,,13,9.6,15.68,,,,,,,,,,,,,,,,,,,,
MNF,Dolphins/Jets,ESPN,7.4,-24%,11.75,-24%,13,9.176,14.57,,,13,8.3,13.59,,,,,,,,,,,,,,,,,,,,
TNF,Cowboys/Bears,NFLN,5.5,83%,9.11,97%,14,0.935,0.2733,,,13,7.4,11.75,,,,,,,,,,,,,,,,,,,,
National,Seahawks/Eagles (91%),FOX,15.6,-4%,25.93,-6%,14,16.224,27.4858,,,14,5.5,9.11,,,,,,,,,,,,,,,,,,,,
SNF,Patriots/Chargers,NBC,12.8,13%,21.15,11%,14,11.136,18.8235,,,14,15.6,25.93,,,,,,,,,,,,,,,,,,,,
Single,Regional action,CBS,10.6,-12%,17.6,-13%,14,11.872,19.888,,,14,12.8,21.15,,,,,,,,,,,,,,,,,,,,
Regional,Colts/Browns (45%),FOX,8.6,-14%,13.67,-17%,14,9.804,15.9939,,,14,10.6,17.6,,,,,,,,,,,,,,,,,,,,
MNF,Falcons/Packers,ESPN,8.5,-17%,13.96,-14%,14,9.945,15.9144,,,14,8.6,13.67,,,,,,,,,,,,,,,,,,,,
TNF,Cardinals/Rams,NFLN,4.7,-16%,7.67,-14%,15,5.452,8.7438,,,14,8.5,13.96,,,,,,,,,,,,,,,,,,,,
National,49ers/Seahawks (84%),FOX,15.7,-4%,26.48,-5%,15,16.328,27.804,,,15,4.7,7.67,,,,,,,,,,,,,,,,,,,,
SNF,Cowboys/Eagles,NBC,14.3,44%,24.25,48%,15,8.008,12.61,,,15,15.7,26.48,,,,,,,,,,,,,,,,,,,,
Single,Regional action,CBS,11.1,14%,18.68,16%,15,9.546,15.6912,,,15,14.3,24.25,,,,,,,,,,,,,,,,,,,,
Regional,Bengals/Browns (46%),FOX,9.9,-4%,16.16,-2%,15,10.296,16.4832,,,15,11.1,18.68,,,,,,,,,,,,,,,,,,,,
MNF,Saints/Bears,ESPN,7.1,-21%,11.07,-22%,15,8.591,13.5054,,,15,9.9,16.16,,,,,,,,,,,,,,,,,,,,
TNF,Titans/Jaguars,NFLN,3.1,0%,4.85,0%,16,3.1,4.85,,,15,7.1,11.07,,,,,,,,,,,,,,,,,,,,
Special,Eagles/Washington,NFLN,4.4,0%,7.18,0%,16,4.4,7.18,,,16,3.1,4.85,,,,,,,,,,,,,,,,,,,,
Special,Chargers/49ers,"CBS, NFLN",8,0%,12.96,0%,16,8,12.96,,,16,4.4,7.18,,,,,,,,,,,,,,,,,,,,
National,Colts/Cowboys (93%),CBS,15.2,7%,25.89,7%,16,14.136,24.0777,,,16,8,12.96,,,,,,,,,,,,,,,,,,,,
SNF,Seahawks/Cardinals,NBC,11.5,4%,19.29,6%,16,11.04,18.1326,,,16,15.2,25.89,,,,,,,,,,,,,,,,,,,,
Regional,Regional action,CBS,10,8%,16.4,9%,16,9.2,14.924,,,16,11.5,19.29,,,,,,,,,,,,,,,,,,,,
Single,Falcons/Saints (38%),FOX,9.8,-25%,16.2,-26%,16,12.25,20.412,,,16,10,16.4,,,,,,,,,,,,,,,,,,,,
MNF,Broncos/Bengals,ESPN,9.7,21%,16.03,21%,16,7.663,12.6637,,,16,9.8,16.2,,,,,,,,,,,,,,,,,,,,
National,Lions/Packers (87%),FOX,15.6,7%,28.51,8%,17,14.508,26.2292,,,16,9.7,16.03,,,,,,,,,,,,,,,,,,,,
SNF,Bengals/Steelers,NBC,12,-23%,20.71,-24%,17,14.76,25.6804,,,17,15.6,28.51,,,,,,,,,,,,,,,,,,,,
Regional,Cowboys/Wash. (69%),FOX,10.5,19%,17.95,20%,17,8.505,14.36,,,17,12,20.71,,,,,,,,,,,,,,,,,,,,
National,Chargers/Chiefs (65%),CBS,9.8,-6%,16.45,-7%,17,10.388,17.6015,,,17,10.5,17.95,,,,,,,,,,,,,,,,,,,,
Regional,Regional action,CBS,6.3,-26%,10.69,-27%,17,7.938,13.5763,,,17,9.8,16.45,,,,,,,,,,,,,,,,,,,,
,,,,,,,,,,,,17,6.3,10.69,,,,,,,,,,,,,,,,,,,,
